{
  "Actor": {
    "types": ["agent","enemy"],
    "templates": {
      "base": {
        "hits": {
          "value": 3,
          "min": 0,
          "max": 3
        },
        "falters": {
          "first": false,
          "second": false
        }
      }
    },
    "agent": {
      "templates": ["base"],
      "occupation": "",
      "description": "",
      "home": "Colchester",
      "tradecraft": "",
      "mannerism": "",
      "fortune": 1,
      "resources": {
        "int": {
          "value": 2
        },
        "phy": {
          "value": 2
        },
        "sup": {
          "value": 2
        },
        "armour":{
          "value": 0
        },
        "unravel": {
          "value": 5
        }
      },
      "contacts": []
    },
    "enemy": {
      "templates": ["base"],
      "resources": {
        "armour": { "value":0 }
      },
      "resistance": {
        "potency": 0,
        "mark": {
          "S": false,
          "K": false,
          "V": false,
          "M": false,
          "A": false,
          "C": false
        }
      },
      "hitresolution": {
        "rolltable": {
          "id": "",
          "name": "",
          "img": ""
        }
      }
    }
  },
  "Item": {
    "types": ["item","ability", "consequence", "association", "favour", "focus","occupation"],
    "templates": {
      "base": {
        "description": ""
      },
      "container": {
        "abilities": []
      }
    },
    "item": {
      "templates": ["base"],
      "quantity": 1,
      "weight": 0,
      "esoteric": false
    },
    "ability": {
      "templates": ["base"]
    },
    "consequence": {
      "templates": ["base"],
      "resource": "phy",
      "potency": -1
    },
    "favour": {
      "templates": ["base"]
    },
    "association": {
      "templates": ["base","container"]
    },
    "focus": {
      "templates": ["base","container"]
    },
    "occupation": {
      "templates": ["base","container"]
    }
  }
}
