{
  "name": "dee",
  "title": "The Dee Sanction",
  "description": "The Dee Sanction system for FoundryVTT!",
  "version": "0.1.6",
  "minimumCoreVersion": "0.8.6",
  "compatibleCoreVersion": "0.8.7",
  "templateVersion": 2,
  "author": "Chris Sharp",
  "esmodules": ["module/dee.js"],
  "styles": ["css/dee.css"],
  "scripts": [],
  "packs": [
    {
      "name": "abilities",
      "label": "Abilities",
      "package": "dee",
      "path": "packs/abilities.db",
      "entity": "Item"
    },
    {
      "name": "consequences",
      "label": "Consequences",
      "package": "dee",
      "path": "packs/consequences.db",
      "entity": "Item"
    },
    {
      "name": "clothing",
      "label": "Clothing",
      "package": "dee",
      "path": "packs/clothing.db",
      "entity": "Item"
    },
    {
      "name": "odds-and-ends",
      "label": "Odds and Ends",
      "package": "dee",
      "path": "packs/odds-and-ends.db",
      "entity": "Item"
    },
    {
      "name": "printed-matter",
      "label": "Printed Matter",
      "package": "dee",
      "path": "packs/printed-matter.db",
      "entity": "Item"
    },
    {
      "name": "tools",
      "label": "Tools",
      "package": "dee",
      "path": "packs/tools.db",
      "entity": "Item"
    },
    {
      "name": "weapons",
      "label": "Weapons",
      "package": "dee",
      "path": "packs/weapons.db",
      "entity": "Item"
    },
    {
      "name": "favours",
      "label": "Favours",
      "package": "dee",
      "path": "packs/favours.db",
      "entity": "Item"
    },
    {
      "name": "associations",
      "label": "Associations",
      "package": "dee",
      "path": "packs/associations.db",
      "entity": "Item"
    },
    {
      "name": "occupations",
      "label": "Occupations",
      "package": "dee",
      "path": "packs/occupations.db",
      "entity": "Item"
    },
    {
      "name": "foci",
      "label": "Foci",
      "package": "dee",
      "path": "packs/foci.db",
      "entity": "Item"
    },
    {
      "name": "outcomes",
      "label": "Outcomes",
      "package": "dee",
      "path": "packs/outcomes.db",
      "entity": "RollTable"
    },
    {
      "name": "humours",
      "label": "Humours",
      "package": "dee",
      "path": "packs/humours.db",
      "entity": "RollTable"
    }
  ],
  "languages": [
    {
      "lang": "en",
      "name": "English",
      "path": "lang/en.json"
    }
  ],
  "gridDistance": 5,
  "gridUnits": "ft",
  "primaryTokenAttribute": "health",
  "secondaryTokenAttribute": "power",
  "url": "https://github.com/chrisesharp/foundryvtt-dee-sanction",
  "manifest": "https://raw.githubusercontent.com/chrisesharp/foundryvtt-dee-sanction/master/src/system.json",
  "download": "https://raw.githubusercontent.com/chrisesharp/foundryvtt-dee-sanction/master/package/dee-v0.1.6.zip",
  "license": "LICENSE.txt"
}