{
  "id": "dee",
  "title": "The Dee Sanction",
  "description": "The Dee Sanction system for FoundryVTT!",
  "version": "5.0.2",
  "compatibility": {
    "minimum": 13,
    "verified": "13"
  },
  "authors": [
    {
      "name": "Chris Sharp",
      "url": "https://github.com/chrisesharp",
      "discord": "ChrisSharp#3966"
    }
  ],
  "esmodules": ["module/dee.js"],
  "styles": ["css/dee.css"],
  "scripts": [],
  "packs": [
    {
      "name": "abilities",
      "label": "Abilities",
      "package": "dee",
      "path": "packs/abilities.db",
      "type": "Item"
    },
    {
      "name": "consequences",
      "label": "Consequences",
      "package": "dee",
      "path": "packs/consequences.db",
      "type": "Item"
    },
    {
      "name": "clothing",
      "label": "Clothing",
      "package": "dee",
      "path": "packs/clothing.db",
      "type": "Item"
    },
    {
      "name": "armour",
      "label": "Armour",
      "package": "dee",
      "path": "packs/armour.db",
      "type": "Item"
    },
    {
      "name": "odds-and-ends",
      "label": "Odds and Ends",
      "package": "dee",
      "path": "packs/odds-and-ends.db",
      "type": "Item"
    },
    {
      "name": "printed-matter",
      "label": "Printed Matter",
      "package": "dee",
      "path": "packs/printed-matter.db",
      "type": "Item"
    },
    {
      "name": "tools",
      "label": "Tools",
      "package": "dee",
      "path": "packs/tools.db",
      "type": "Item"
    },
    {
      "name": "weapons",
      "label": "Weapons",
      "package": "dee",
      "path": "packs/weapons.db",
      "type": "Item"
    },
    {
      "name": "favours",
      "label": "Favours",
      "package": "dee",
      "path": "packs/favours.db",
      "type": "Item"
    },
    {
      "name": "sights",
      "label": "Sights",
      "package": "dee",
      "path": "packs/sights.db",
      "type": "Item"
    },
    {
      "name": "associations",
      "label": "Associations",
      "package": "dee",
      "path": "packs/associations.db",
      "type": "Item"
    },
    {
      "name": "occupations",
      "label": "Occupations",
      "package": "dee",
      "path": "packs/occupations.db",
      "type": "Item"
    },
    {
      "name": "foci",
      "label": "Foci",
      "package": "dee",
      "path": "packs/foci.db",
      "type": "Item"
    },
    {
      "name": "npcs",
      "label": "NPCs",
      "package": "dee",
      "path": "packs/npcs.db",
      "type": "Actor"
    },
    {
      "name": "outcomes",
      "label": "Outcomes",
      "package": "dee",
      "path": "packs/outcomes.db",
      "type": "RollTable"
    },
    {
      "name": "humours",
      "label": "Humours",
      "package": "dee",
      "path": "packs/humours.db",
      "type": "RollTable"
    },
    {
      "name": "macros",
      "label": "Macros",
      "package": "dee",
      "path": "packs/macros.db",
      "type": "Macro"
    }
  ],
  "languages": [
    {
      "lang": "en",
      "name": "English",
      "path": "lang/en.json"
    }
  ],
  "grid": {
    "distance": 5,
    "units": "ft"
  },
  "primaryTokenAttribute": "health",
  "secondaryTokenAttribute": "power",
  "url": "https://github.com/chrisesharp/foundryvtt-dee-sanction",
  "manifest": "https://raw.githubusercontent.com/chrisesharp/foundryvtt-dee-sanction/master/src/system.json",
  "download": "https://raw.githubusercontent.com/chrisesharp/foundryvtt-dee-sanction/master/package/dee-v5.0.2.zip",
  "license": "LICENSE.txt"
}